{
  "lat_distance": 3793762,
  "long_distance": 6482496,
  "lat1": -25.75777,
  "long1": 199.91649,
  "lat2": -54.18954,
  "long2": 145.56063,
  "performance": {
    "process_request": 0.44661700000000004,
    "loaded_competitors": 0.451517,
    "loaded_group": 0.456247,
    "loadClickhouseLatest_loaded": 212.110044,
    "loadClickhouseLatest_processed": 276.986045,
    "loaded_points_data_start": 281.637733,
    "array_flipped": 281.641963,
    "chunks_count": 0,
    "loaded_points_count": 13186,
    "loaded_points_data_mget": 281.646253,
    "addContestData": "No competitors",
    "filterPoints_end": 317.70155900000003,
    "filterPoints_counts": "60/13186",
    "state_loaded": 318.061067,
    "end": 318.800801
  },
  "data": [
    "T1748545492,L39.30062,G-119.74168,A2260,C132,S14.92,V-0.3,O7,D20195B,U0,H,RNAVITER2 OGNAVI FNT,f1,o1,g1837,6,K0-20195B",
    "T1748545507,L46.81157,G1.2557,A91,C177,S18.52,V0,O7,DFCB503,U0,H,Q,RSafeSky OGNSKY SKY,f1,o1,g96,h2,z2,6,K0-FCB503",
    "T1748545500,L45.79263,G6.2201,A452,C237,S3.09,V0,O7,DFE1530,U0,H,RNAVITER2 OGNAVI NAV,f0,o1,g450,6,K0-FE1530",
    "T1748545438,L45.84615,G6.2149,A570,C180,S0,V0,O7,D0bad5e,U31,RSyride Syride ,BNicolasMorardo,f0,o0,g558,6,K31-0bad5e",
    "T1748545433,L45.92285,G6.59413,A1194,C0,S0,O7,D2617f2,U31,RFLYMASTER flymaster_tracker 538330,BFrançois ISOARD,f0,o0,g1214,6,K31-2617f2",
    "T1748545438,L55.765,G37.685,A190,S0,O7,D2fec5b59-de4f-5473-84db-962f1f366c03,U37,X101,RDIY_V1,BApollo_Baumanka_4,f0,o0,g136,u3624165952,6,K37-2fec5b59-de4f-5473-84db-962f1f366c03",
    "T1748545501,L53.56597,G12.64798,A88,C303,S0,V0,O7,D1110D6,U0,H,Q,I30.2,REDOW OGFLR FLR,NJens Nicklich,EJE,eNIC,f0,o0,g81,h4,z7,60,KY-JE",
    "T1748545507,L48.06567,G8.01358,A1191,C2,S9.26,V-1.2,O7,D1147F5,U0,H,Q,I1.2,REDSK OGFLR FLR,BStaps,NStaps,f1,o1,g1139,h3,z5,6,K0-1147F5",
    "T1748545482,L55.80365,G37.71665,A148,S0,O7,D1cd55f10-36ab-56d9-babd-9e8d1ef0437d,U37,X95,RTBEAM,BApollo_Vesta4,f0,o0,g145,u2751163372,6,K37-1cd55f10-36ab-56d9-babd-9e8d1ef0437d",
    "T1748545455,L56.34436,G38.11701,A182,S0,O7,Db375a05e-e9cd-5beb-bf63-09a40aba4f02,U37,X101,RHELTEC_WSL_V3,BMeshtastic 9fe0,f0,o0,g252,u1128046560,6,K37-b375a05e-e9cd-5beb-bf63-09a40aba4f02",
    "T1748545473,L48.92976,G-0.46981,A225,C299,S0,O7,DvHKzoNQZ4ubw7r1OneIWcphZ7Z53,U43,Rwingman,BAirkapture,f1,o1,g152,uvHKzoNQZ4ubw7r1OneIWcphZ7Z53,6,K43-vHKzoNQZ4ubw7r1OneIWcphZ7Z53",
    "T1748545490,L45.62153,G6.76613,A864,C0,S0,V0,O7,D0A0E1F,U0,H,RNAVITER2 OGNAVI FNT,J7285,jjoseph-bernard,BJoseph Bernard,f0,o0,g877,60,^0A0E1F,KX-joseph-bernard",
    "T1748545489,L46.6861,G7.8577,A571,C315,S0,V0,O7,D112E6C,U0,H,Q,I2.8,RLSXI1 OGFLR FLR,EPG,ePG,f0,o0,g571,h1,z3,60,KY-PG",
    "T1748545430,L49.34436,G-0.49001,A286,C280,S10,O7,D1116ED,U41,Rskytraxx,BTineke,NTineke,f1,o1,6,K0-1116ED",
    "T1748545499,L49.44408,G9.82117,A279,C0,S0,V0,O7,D11420A,U0,H,RNAVITER2 OGNAVI FNT,BXCMatteo,f0,o0,g280,6,K0-11420A",
    "T1748545486,L42.87252,G0.34293,A665,C173,S1.03,V0,O7,DFD04BA,U0,H,RNAVITER2 OGNAVI NAV,f0,o1,g756,6,K0-FD04BA",
    "T1748545496,L45.78777,G10.82247,A66,C16,S0,V0,O7,DFE1529,U0,H,RNAVITER2 OGNAVI NAV,f0,o0,g70,6,K0-FE1529",
    "T1748545403,L61.18572,G14.73058,A200,C346,S16.98,V0.61,O7,DFE1B78,U0,H,RNAVITER2 OGNAVI NAV,f1,o1,6,K0-FE1B78",
    "T1748545504,L47.11048,G11.3103,A977,C0,S0,V0,O7,D0A02D6,U0,H,RNAVITER2 OGNAVI FNT,f0,o0,g979,6,K0-0A02D6",
    "T1748545494,L39.29998,G-119.74982,A2272,C105,S11.32,V-2.13,O7,D0A06F9,U0,H,RNAVITER2 OGNAVI FNT,BToasty,f1,o1,g1773,6,K0-0A06F9",
    "T1748545492,L51.24725,G11.68697,A229,C180,S0,V0,O7,D116117,U0,H,Q,I12,RLAUCHA OGFLR FLR,BMax,NMax,f0,o0,g210,6,K0-116117",
    "T1748545508,L46.81663,G1.26253,A280,C37,S9.77,V-0.02,O7,DF72DF6,U0,H,Q,RSafeSky OGNSKY SKY,f1,o1,g97,h2,z2,6,K0-F72DF6",
    "T1748545505,L45.78172,G6.22282,A466,C187,S0,V0,O7,DFE0EEF,U0,H,RNAVITER2 OGNAVI NAV,f0,o0,g467,6,K0-FE0EEF",
    "T1748545509,L48.51963,G2.20223,A264,C225,S6.69,V0,O7,DFEF2F5,U0,H,Q,RSafeSky OGNSKY SKY,f1,o1,g143,h8,z3,6,K0-FEF2F5",
    "T1748545438,L55.8202,G37.5238,A0,S0,O7,D84dc5776-a59c-5552-8930-102df9995a90,U37,RDIY_V1,BKoptevo-4,f0,o0,g168,u994752736,6,K37-84dc5776-a59c-5552-8930-102df9995a90",
    "T1748545497,L55.96774,G37.40795,A233,S0,O7,Da096ca1f-8a6b-5104-b969-d38b178cc5cd,U37,X100,RTBEAM,BLucky,f1,o1,g186,u3148366644,6,K37-a096ca1f-8a6b-5104-b969-d38b178cc5cd",
    "T1748545439,L55.7998,G37.7804,A180,S0,O7,Db4a3f0bb-f2d0-5919-bc48-608b26fc8861,U37,X101,RTLORA_V2_1_1P6,BIzmaylovo_433,f0,o0,g146,u143303036,6,K37-b4a3f0bb-f2d0-5919-bc48-608b26fc8861",
    "T1748545493,L44.07994,G3.05732,A522,C270.00000139054,S0.01,O7,D10480,U24,J1782,jcathelain1387,BSCA,cA83030,f1,o1,g470,F9U5Qjpk7jCccfkxZy5iqZe2vdmANpLQf,62,KX-cathelain1387",
    "T1748545408,L42.79539,G0.44572,A1675,S0,O7,DOkSBeqwnhHq1qFjU6raxTEMEb3vc,U23,Rxctrack live,J6591,joblanc,BOBlanc,NOlivier Blanc,c783060,f0,o0,g1668,uThermolive23,60,KX-oblanc",
    "T1748545497,L39.30032,G-119.74123,A2269,C127,S14.92,V-2.44,O7,D11334B,U0,H,RNAVITER2 OGNAVI FNT,BChaeden,f1,o1,g1837,6,K0-11334B",
    "T1748545499,L47.56805,G10.75627,A830,C0,S0,V0,O7,D115F3C,U0,H,Q,I20,Rteg1 OGFLR FLR,f0,o0,g824,6,K0-115F3C",
    "T1748545495,L43.31222,G-2.01617,A96,C337,S0,V0,O7,DFE0C49,U0,H,RNAVITER2 OGNAVI NAV,f0,o0,g73,6,K0-FE0C49",
    "T1748545498,L45.76168,G6.33812,A470,C0,S0,V0,O7,DFE1134,U0,H,RNAVITER2 OGNAVI NAV,f0,o0,g472,6,K0-FE1134",
    "T1748545438,L55.68594,G37.51936,A250,S0,O7,D653f291e-13e3-585d-843f-f682d64e0c87,U37,X101,RTLORA_V2_1_1P6,BST0RMBERG_869,f0,o0,g174,u113793972,6,K37-653f291e-13e3-585d-843f-f682d64e0c87",
    "T1748545476,L35.21346,G-106.46137,A3494,C308,S12,O7,Dzqf_112418,U30,Rsportstracklive,J5978,jjames-duplain,BJames DuPlain,cC0A848,f1,o1,g2643,ujamesduplain,62,KX-james-duplain",
    "T1748545502,L38.69975,G-9.32365,A66,C0,S0,V0.2,O7,D1118C1,U0,H,Q,I51,RBelaVista OGFLR FLR,EFlrmAIC,f0,o0,g55,h10,z19,60,KY-FlrmAIC",
    "T1748545506,L47.5677,G10.19112,A745,C0,S0,V0,O7,D0A04A6,U0,H,RNAVITER2 OGNAVI FNT,BBenK,NBenK,f0,o0,g750,6,K0-0A04A6",
    "T1748545473,L49.33691,G-0.48984,A395,C20,S15,O7,D1140D3,U41,Rskytraxx,BDennis Goedhart,NDennis Goedhart,f1,o1,g9,r0.7229,6,K0-1140D3",
    "T1748545510,L46.18148,G0.18425,A422,C174,S19.55,V0,O7,DF946CC,U0,H,Q,RSafeSky OGNSKY SKY,f1,o1,g133,h4,z3,6,K0-F946CC",
    "T1748545495,L42.23142,G-123.00353,A1152,C83,S0,V0,O7,DFE0CC0,U0,H,RNAVITER2 OGNAVI NAV,f0,o0,g1152,6,K0-FE0CC0",
    "T1748545498,L46.82045,G8.39398,A995,C0,S0,V-0.91,O7,DFE13FA,U0,H,RNAVITER2 OGNAVI NAV,f0,o0,g998,6,K0-FE13FA",
    "T1748545425,L46.06916,G6.30845,A558,C148,S0,O7,Df93f39,U31,RVLSAFE vl_safe ,Bfénix,f0,o0,g562,6,K31-f93f39",
    "T1748545428,L55.60074,G37.61766,A0,S0,O7,D910534bc-bab6-5587-a989-000a365bf2a2,U37,X101,RDIY_V1,BNode_5908,f0,o0,g173,u4133181704,6,K37-910534bc-bab6-5587-a989-000a365bf2a2",
    "T1748545498,L55.79086,G37.80316,A0,S0,O7,Db7b075a0-b938-5363-9181-1374971e0dfc,U37,X101,RNRF52_PROMICRO_DIY,BR6FKA_RETR_ZAPAD,f0,o0,g162,u2422405700,6,K37-b7b075a0-b938-5363-9181-1374971e0dfc",
    "T1748545432,L49.34352,G-0.4896,A287,C276,S10,O7,D112779,U41,Rskytraxx,BMars,NMars,f1,o1,6,K0-112779",
    "T1748545428,L49.33762,G-0.39914,A308,C108,S10,O7,D11277D,U41,Rskytraxx,BRVP,NRVP,f1,o1,6,K0-11277D",
    "T1748545476,L57.52142,G18.34372,A48,C269,S17.49,V0,O7,DFE0F34,U0,H,RNAVITER2 OGNAVI NAV,f0,o1,g47,6,K0-FE0F34",
    "T1748545500,L42.8001,G0.59928,A617,C138,S0.51,V0,O7,DFE139E,U0,H,RNAVITER2 OGNAVI NAV,f0,o0,g619,6,K0-FE139E",
    "T1748545438,L55.8002,G37.7777,A120,S0,O7,Dc7dff846-a2ed-5cb1-ac3e-5f52d36b1eac,U37,X101,RDIY_V1,Bpatch433,f0,o0,g145,u3087879144,6,K37-c7dff846-a2ed-5cb1-ac3e-5f52d36b1eac",
    "T1748545446,L55.7045,G37.35843,A200,S0,O7,De70ef8e6-2515-503b-92d3-5f845560875b,U37,RDIY_V1,Bivantey_4_diy,f0,o0,g193,u847358676,6,K37-e70ef8e6-2515-503b-92d3-5f845560875b",
