{
  "lat_distance": 3793762,
  "long_distance": 6482496,
  "lat1": -25.75777,
  "long1": 199.91649,
  "lat2": -54.18954,
  "long2": 145.56063,
  "performance": {
    "process_request": 0.44661700000000004,
    "loaded_competitors": 0.451517,
    "loaded_group": 0.456247,
    "loadClickhouseLatest_loaded": 212.110044,
    "loadClickhouseLatest_processed": 276.986045,
    "loaded_points_data_start": 281.637733,
    "array_flipped": 281.641963,
    "chunks_count": 0,
    "loaded_points_count": 13186,
    "loaded_points_data_mget": 281.646253,
    "addContestData": "No competitors",
    "filterPoints_end": 317.70155900000003,
    "filterPoints_counts": "60/13186",
    "state_loaded": 318.061067,
    "end": 318.800801
  },
  "data": [
    "T1748545492,L39.30062,G-119.74168,A2260,C132,S14.92,V-0.3,O7,D20195B,U0,H,RNAVITER2 OGNAVI FNT,f1,o1,g1837,6,K0-20195B",
    "T1748545507,L46.81157,G1.2557,A91,C177,S18.52,V0,O7,DFCB503,U0,H,Q,RSafeSky OGNSKY SKY,f1,o1,g96,h2,z2,6,K0-FCB503",
    "T1748545500,L45.79263,G6.2201,A452,C237,S3.09,V0,O7,DFE1530,U0,H,RNAVITER2 OGNAVI NAV,f0,o1,g450,6,K0-FE1530"
  ],
  "time": 0.3564,
  "success": true,
  "http_code": 200
}